[{"id":"user-image-3799953.png","publicUrl":"np://user.desktop.nicepage.com/Site_959903526/images/3799953.png","size":3107,"hash":"rO2DJOk7vNe1pMjO5AAQjwdTMy0=","fileName":"3799953.png","name":"3799953","width":128,"height":128,"thumbnail":{"url":"np://user.desktop.nicepage.com/Site_959903526/images/thumbnails/3799953.png","width":128,"height":128,"length":3107,"type":"png"},"folderId":null,"usages":["303947802"]},{"id":"user-image-541685511_1876538313077755_4568426503372923945_n.jpg","publicUrl":"np://user.desktop.nicepage.com/Site_959903526/images/541685511_1876538313077755_4568426503372923945_n.jpg","size":29073,"hash":"qo8TNceB88gumFmB/KPBcDomVO4=","fileName":"541685511_1876538313077755_4568426503372923945_n.jpg","name":"541685511_1876538313077755_4568426503372923945_n","width":552,"height":368,"thumbnail":{"url":"np://user.desktop.nicepage.com/Site_959903526/images/thumbnails/541685511_1876538313077755_4568426503372923945_n.jpg","width":250,"height":167},"folderId":null,"usages":["303947802"]},{"id":"user-image-545610811_1531680194716007_9197367105389925998_n.jpg","publicUrl":"np://user.desktop.nicepage.com/Site_959903526/images/545610811_1531680194716007_9197367105389925998_n.jpg","size":40762,"hash":"Ir2qRAhtt/H050a8H96QH+BO5D8=","fileName":"545610811_1531680194716007_9197367105389925998_n.jpg","name":"545610811_1531680194716007_9197367105389925998_n","width":480,"height":720,"thumbnail":{"url":"np://user.desktop.nicepage.com/Site_959903526/images/thumbnails/545610811_1531680194716007_9197367105389925998_n.jpg","width":167,"height":250},"folderId":null,"usages":["303947802"]},{"id":"user-image-IMG-20250906-WA0135.jpg","publicUrl":"np://user.desktop.nicepage.com/Site_959903526/images/IMG-20250906-WA0135.jpg","size":426580,"hash":"YqqZEGFaMFK64gQWunXhBCim5nM=","fileName":"IMG-20250906-WA0135.jpg","name":"IMG-20250906-WA0135","width":1600,"height":1200,"thumbnail":{"url":"np://user.desktop.nicepage.com/Site_959903526/images/thumbnails/IMG-20250906-WA0135.jpg","width":250,"height":188},"folderId":null,"usages":["303947802"]},{"id":"user-image-IMG-20250906-WA0131.jpg","publicUrl":"np://user.desktop.nicepage.com/Site_959903526/images/IMG-20250906-WA0131.jpg","size":255430,"hash":"GemVYbKHpXWWvSqi3Ki4XWdrLw0=","fileName":"IMG-20250906-WA0131.jpg","name":"IMG-20250906-WA0131","width":1280,"height":960,"thumbnail":{"url":"np://user.desktop.nicepage.com/Site_959903526/images/thumbnails/IMG-20250906-WA0131.jpg","width":250,"height":188},"folderId":null,"usages":["303947802"]},{"id":"user-image-IMG-20250906-WA0134.jpg","publicUrl":"np://user.desktop.nicepage.com/Site_959903526/images/IMG-20250906-WA0134.jpg","size":408772,"hash":"luFNMueWQdK2znEcEqXFpHHPReY=","fileName":"IMG-20250906-WA0134.jpg","name":"IMG-20250906-WA0134","width":1600,"height":1200,"thumbnail":{"url":"np://user.desktop.nicepage.com/Site_959903526/images/thumbnails/IMG-20250906-WA0134.jpg","width":250,"height":188},"folderId":null,"usages":["303947802"]},{"id":"user-image-IMG-20250906-WA0139.jpg","publicUrl":"np://user.desktop.nicepage.com/Site_959903526/images/IMG-20250906-WA0139.jpg","size":466152,"hash":"9BSbYGi75D/CMMiiMR78+VeADNo=","fileName":"IMG-20250906-WA0139.jpg","name":"IMG-20250906-WA0139","width":1200,"height":1600,"thumbnail":{"url":"np://user.desktop.nicepage.com/Site_959903526/images/thumbnails/IMG-20250906-WA0139.jpg","width":188,"height":250},"folderId":null,"usages":["303947802"]},{"id":"user-image-IMG-20250906-WA0137.jpg","publicUrl":"np://user.desktop.nicepage.com/Site_959903526/images/IMG-20250906-WA0137.jpg","size":426072,"hash":"NtgTGAR0cy5ShN14BIojyXVVarY=","fileName":"IMG-20250906-WA0137.jpg","name":"IMG-20250906-WA0137","width":1200,"height":1600,"thumbnail":{"url":"np://user.desktop.nicepage.com/Site_959903526/images/thumbnails/IMG-20250906-WA0137.jpg","width":188,"height":250},"folderId":null,"usages":["303947802"]},{"id":"user-image-IMG-20250906-WA0132.jpg","publicUrl":"np://user.desktop.nicepage.com/Site_959903526/images/IMG-20250906-WA0132.jpg","size":359328,"hash":"Q2QBu0BOw26QaHnP+b40JN3Ebpo=","fileName":"IMG-20250906-WA0132.jpg","name":"IMG-20250906-WA0132","width":1200,"height":1600,"thumbnail":{"url":"np://user.desktop.nicepage.com/Site_959903526/images/thumbnails/IMG-20250906-WA0132.jpg","width":188,"height":250},"folderId":null,"usages":["303947802"]},{"id":"user-image-IMG-20250906-WA0119.jpg","publicUrl":"np://user.desktop.nicepage.com/Site_959903526/images/IMG-20250906-WA0119.jpg","size":309359,"hash":"xce7ntDbzy/I60//u4uNPjzBHe4=","fileName":"IMG-20250906-WA0119.jpg","name":"IMG-20250906-WA0119","width":1600,"height":1200,"thumbnail":{"url":"np://user.desktop.nicepage.com/Site_959903526/images/thumbnails/IMG-20250906-WA0119.jpg","width":250,"height":188},"folderId":null,"usages":["303947802"]},{"id":"user-image-IMG-20250906-WA0125.jpg","publicUrl":"np://user.desktop.nicepage.com/Site_959903526/images/IMG-20250906-WA0125.jpg","size":256514,"hash":"CwKyUuHzcU/3koGeoTyxI9sNnzU=","fileName":"IMG-20250906-WA0125.jpg","name":"IMG-20250906-WA0125","width":1600,"height":1200,"thumbnail":{"url":"np://user.desktop.nicepage.com/Site_959903526/images/thumbnails/IMG-20250906-WA0125.jpg","width":250,"height":188},"folderId":null,"usages":["303947802"]},{"id":"user-image-IMG-20250906-WA0112.jpg","publicUrl":"np://user.desktop.nicepage.com/Site_959903526/images/IMG-20250906-WA0112.jpg","size":258514,"hash":"Z+8WR20Ax4JXUCRXtcDOuWSjAr8=","fileName":"IMG-20250906-WA0112.jpg","name":"IMG-20250906-WA0112","width":1600,"height":1200,"thumbnail":{"url":"np://user.desktop.nicepage.com/Site_959903526/images/thumbnails/IMG-20250906-WA0112.jpg","width":250,"height":188},"folderId":null,"usages":["303947802"]},{"id":"user-image-IMG-20250906-WA0111.jpg","publicUrl":"np://user.desktop.nicepage.com/Site_959903526/images/IMG-20250906-WA0111.jpg","size":254917,"hash":"CAkFc5zvcREPpNjCKUVFXA+C7lQ=","fileName":"IMG-20250906-WA0111.jpg","name":"IMG-20250906-WA0111","width":1600,"height":1200,"thumbnail":{"url":"np://user.desktop.nicepage.com/Site_959903526/images/thumbnails/IMG-20250906-WA0111.jpg","width":250,"height":188},"folderId":null,"usages":["303947802"]},{"id":"user-image-IMG-20250906-WA0109.jpg","publicUrl":"np://user.desktop.nicepage.com/Site_959903526/images/IMG-20250906-WA0109.jpg","size":143609,"hash":"z/2PwVXj6pVaqmJSj1FjkEYJVa4=","fileName":"IMG-20250906-WA0109.jpg","name":"IMG-20250906-WA0109","width":1288,"height":966,"thumbnail":{"url":"np://user.desktop.nicepage.com/Site_959903526/images/thumbnails/IMG-20250906-WA0109.jpg","width":250,"height":188},"folderId":null,"usages":["303947802"]},{"id":"user-image-IMG-20250906-WA0108.jpg","publicUrl":"np://user.desktop.nicepage.com/Site_959903526/images/IMG-20250906-WA0108.jpg","size":238709,"hash":"3g0ZbySOHyGjTqq0CiTfWpdBNeU=","fileName":"IMG-20250906-WA0108.jpg","name":"IMG-20250906-WA0108","width":1600,"height":1200,"thumbnail":{"url":"np://user.desktop.nicepage.com/Site_959903526/images/thumbnails/IMG-20250906-WA0108.jpg","width":250,"height":188},"folderId":null,"usages":["303947802"]},{"id":"user-image-IMG-20250906-WA0092.jpg","publicUrl":"np://user.desktop.nicepage.com/Site_959903526/images/IMG-20250906-WA0092.jpg","size":186644,"hash":"8W4gCUHKLTCpslmB3FZlaK5UJYw=","fileName":"IMG-20250906-WA0092.jpg","name":"IMG-20250906-WA0092","width":1600,"height":1200,"thumbnail":{"url":"np://user.desktop.nicepage.com/Site_959903526/images/thumbnails/IMG-20250906-WA0092.jpg","width":250,"height":188},"folderId":null,"usages":["303947802"]},{"id":"user-image-IMG-20250906-WA0093.jpg","publicUrl":"np://user.desktop.nicepage.com/Site_959903526/images/IMG-20250906-WA0093.jpg","size":139428,"hash":"5ZPxSZfuO399G7qA9MwK/I1wMMY=","fileName":"IMG-20250906-WA0093.jpg","name":"IMG-20250906-WA0093","width":960,"height":1280,"thumbnail":{"url":"np://user.desktop.nicepage.com/Site_959903526/images/thumbnails/IMG-20250906-WA0093.jpg","width":188,"height":250},"folderId":null,"usages":["303947802"]},{"id":"user-image-IMG-20250906-WA0094.jpg","publicUrl":"np://user.desktop.nicepage.com/Site_959903526/images/IMG-20250906-WA0094.jpg","size":181386,"hash":"PaABLevDu53+jNmtrwwcI3la47w=","fileName":"IMG-20250906-WA0094.jpg","name":"IMG-20250906-WA0094","width":1280,"height":960,"thumbnail":{"url":"np://user.desktop.nicepage.com/Site_959903526/images/thumbnails/IMG-20250906-WA0094.jpg","width":250,"height":188},"folderId":null,"usages":["303947802"]},{"id":"user-image-7938439.png","publicUrl":"np://user.desktop.nicepage.com/Site_959903526/images/7938439.png","size":4511,"hash":"AFypb+T43zgNfK9TMfhp3cw4JgU=","fileName":"7938439.png","name":"7938439","width":128,"height":128,"thumbnail":{"url":"np://user.desktop.nicepage.com/Site_959903526/images/thumbnails/7938439.png","width":128,"height":128,"length":4511,"type":"png"},"folderId":null,"usages":["303947802"]},{"id":"user-image-3173732.png","publicUrl":"np://user.desktop.nicepage.com/Site_959903526/images/3173732.png","size":2645,"hash":"2A3/kZ892l+4vRcQjzfR5NwJGSE=","fileName":"3173732.png","name":"3173732","width":128,"height":128,"thumbnail":{"url":"np://user.desktop.nicepage.com/Site_959903526/images/thumbnails/3173732.png","width":128,"height":128,"length":2645,"type":"png"},"folderId":null,"originalUrl":"https://assets.nicepagecdn.com/d2cc3eaa/6551490/images/3173732.png","usages":["303947802"]},{"id":"user-image-Screenshot_20250909_184647_Instagram.jpg","publicUrl":"np://user.desktop.nicepage.com/Site_959903526/images/Screenshot_20250909_184647_Instagram.jpg","size":448984,"hash":"FNMPk2xkogUUOi4ipZze+tV+Mx8=","fileName":"Screenshot_20250909_184647_Instagram.jpg","name":"Screenshot_20250909_184647_Instagram","width":1080,"height":1035,"thumbnail":{"url":"np://user.desktop.nicepage.com/Site_959903526/images/thumbnails/Screenshot_20250909_184647_Instagram.jpg","width":250,"height":240},"folderId":null,"usages":["303947802"]},{"id":"user-image-6ed36e25-a4af-4a22-9889-39781d4971e6.jpg","publicUrl":"np://user.desktop.nicepage.com/Site_959903526/images/6ed36e25-a4af-4a22-9889-39781d4971e6.jpg","size":248209,"hash":"Gs3YzU48tBUWFxrlxxzWO1qAHug=","fileName":"6ed36e25-a4af-4a22-9889-39781d4971e6.jpg","name":"6ed36e25-a4af-4a22-9889-39781d4971e6","width":1600,"height":1200,"thumbnail":{"url":"np://user.desktop.nicepage.com/Site_959903526/images/thumbnails/6ed36e25-a4af-4a22-9889-39781d4971e6.jpg","width":250,"height":188},"folderId":null,"usages":["303947802"]},{"id":"user-image-IMG-20250906-WA0088.jpg","publicUrl":"np://user.desktop.nicepage.com/Site_959903526/images/IMG-20250906-WA0088.jpg","size":142119,"hash":"cmHgmC9B0T181Lr1QAdSopZOzE4=","fileName":"IMG-20250906-WA0088.jpg","name":"IMG-20250906-WA0088","width":1288,"height":966,"thumbnail":{"url":"np://user.desktop.nicepage.com/Site_959903526/images/thumbnails/IMG-20250906-WA0088.jpg","width":250,"height":188},"folderId":null,"usages":["303947802"]},{"id":"user-image-IMG-20250906-WA0136.jpg","publicUrl":"np://user.desktop.nicepage.com/Site_959903526/images/IMG-20250906-WA0136.jpg","size":402064,"hash":"srnGZVaTBrvc4i5xYxQAeXomUf4=","fileName":"IMG-20250906-WA0136.jpg","name":"IMG-20250906-WA0136","width":1600,"height":1200,"thumbnail":{"url":"np://user.desktop.nicepage.com/Site_959903526/images/thumbnails/IMG-20250906-WA0136.jpg","width":250,"height":188},"folderId":null,"usages":["303947802"]},{"id":"user-image-IMG-20250906-WA0090.jpg","publicUrl":"np://user.desktop.nicepage.com/Site_959903526/images/IMG-20250906-WA0090.jpg","size":202718,"hash":"jVt1boIzLn01TQDCoMAi6svmFEI=","fileName":"IMG-20250906-WA0090.jpg","name":"IMG-20250906-WA0090","width":1280,"height":963,"thumbnail":{"url":"np://user.desktop.nicepage.com/Site_959903526/images/thumbnails/IMG-20250906-WA0090.jpg","width":250,"height":188},"folderId":null,"usages":["303947802"]},{"id":"user-image-IMG-20250906-WA0123.jpg","publicUrl":"np://user.desktop.nicepage.com/Site_959903526/images/IMG-20250906-WA0123.jpg","size":279903,"hash":"So8U5Ut1VCIocvXDAnhPR8EYOvg=","fileName":"IMG-20250906-WA0123.jpg","name":"IMG-20250906-WA0123","width":1600,"height":1200,"thumbnail":{"url":"np://user.desktop.nicepage.com/Site_959903526/images/thumbnails/IMG-20250906-WA0123.jpg","width":250,"height":188},"folderId":null,"usages":["303947802"]},{"id":"user-image-536845245_25216610247928558_2466282213475409460_n.jpg","publicUrl":"np://user.desktop.nicepage.com/Site_959903526/images/536845245_25216610247928558_2466282213475409460_n.jpg","size":16181,"hash":"WHS5lLIru6YNfMl/yinSDjMUQFM=","fileName":"536845245_25216610247928558_2466282213475409460_n.jpg","name":"536845245_25216610247928558_2466282213475409460_n","width":346,"height":343,"thumbnail":{"url":"np://user.desktop.nicepage.com/Site_959903526/images/thumbnails/536845245_25216610247928558_2466282213475409460_n.jpg","width":250,"height":248},"folderId":null,"usages":[]}]