[{"id":294298941,"title":"Blog Template","order":1,"templateKey":"blog","customTemplate":false,"customTemplateFilename":null,"pageLinks":[],"dateCreated":"2025-09-06T23:05:17.740Z","dateUpdated":"2025-09-06T23:05:23.827Z","folderId":null,"pageName":"Blog Template","serverPageId":null,"sectionCount":1,"status":2,"backwardUrl":null},{"id":272486567,"title":"Post Template","order":2,"templateKey":"post","customTemplate":false,"customTemplateFilename":null,"pageLinks":[],"dateCreated":"2025-09-06T23:05:18.339Z","dateUpdated":"2025-09-06T23:05:23.828Z","folderId":null,"pageName":"Post Template","serverPageId":null,"sectionCount":1,"status":2,"backwardUrl":null},{"id":68998850,"title":"Product List Template","order":3,"templateKey":"products","customTemplate":false,"customTemplateFilename":null,"pageLinks":[],"dateCreated":"2025-09-06T23:05:18.942Z","dateUpdated":"2025-09-06T23:05:23.829Z","folderId":null,"pageName":"Product List Template","serverPageId":null,"sectionCount":1,"status":2,"backwardUrl":null},{"id":188793045,"title":"Product Details Template","order":4,"templateKey":"product","customTemplate":false,"customTemplateFilename":null,"pageLinks":[],"dateCreated":"2025-09-06T23:05:19.571Z","dateUpdated":"2025-09-06T23:05:23.829Z","folderId":null,"pageName":"Product Details Template","serverPageId":null,"sectionCount":1,"status":2,"backwardUrl":null},{"id":62659902,"title":"Shopping Cart Template","order":5,"templateKey":"cart","customTemplate":false,"customTemplateFilename":null,"pageLinks":[],"dateCreated":"2025-09-06T23:05:19.992Z","dateUpdated":"2025-09-06T23:05:23.830Z","folderId":null,"pageName":"Shopping Cart Template","serverPageId":null,"sectionCount":1,"status":2,"backwardUrl":null},{"id":240757779,"title":"Checkout Template","order":6,"templateKey":"checkout","customTemplate":false,"customTemplateFilename":null,"pageLinks":[],"dateCreated":"2025-09-06T23:05:20.491Z","dateUpdated":"2025-09-06T23:05:23.830Z","folderId":null,"pageName":"Checkout Template","serverPageId":null,"sectionCount":1,"status":2,"backwardUrl":null},{"id":64122439,"title":"Login Template","order":7,"templateKey":"login","customTemplate":false,"customTemplateFilename":null,"pageLinks":[],"dateCreated":"2025-09-06T23:05:20.804Z","dateUpdated":"2025-09-06T23:05:23.831Z","folderId":null,"pageName":"Login Template","serverPageId":null,"sectionCount":1,"status":2,"backwardUrl":null},{"id":445724578,"title":"Search Page Template","order":8,"templateKey":"Search","customTemplate":false,"customTemplateFilename":null,"pageLinks":[],"dateCreated":"2025-09-06T23:05:21.121Z","dateUpdated":"2025-09-06T23:05:23.831Z","folderId":null,"pageName":"Search Page Template","serverPageId":null,"sectionCount":1,"status":2,"backwardUrl":null},{"id":18716625,"title":"Page Password Template","order":9,"templateKey":"password","customTemplate":false,"customTemplateFilename":null,"pageLinks":[],"dateCreated":"2025-09-06T23:05:21.478Z","dateUpdated":"2025-09-06T23:05:23.831Z","folderId":null,"pageName":"Page Password Template","serverPageId":null,"sectionCount":1,"status":2,"backwardUrl":null},{"id":557720140,"title":"404 Not Found Template","order":10,"templateKey":"404","customTemplate":false,"customTemplateFilename":null,"pageLinks":[],"dateCreated":"2025-09-06T23:05:21.654Z","dateUpdated":"2025-09-06T23:05:23.832Z","folderId":null,"pageName":"404 Not Found Template","serverPageId":null,"sectionCount":1,"status":2,"backwardUrl":null},{"id":1687525214,"title":"Thank You Page Template","order":11,"templateKey":"ThankYou","customTemplate":false,"customTemplateFilename":null,"pageLinks":[],"dateCreated":"2025-09-06T23:05:21.808Z","dateUpdated":"2025-09-06T23:05:23.833Z","folderId":null,"pageName":"Thank You Page Template","serverPageId":null,"sectionCount":1,"status":2,"backwardUrl":null},{"id":303947802,"title":"Página Inicial","order":50,"templateKey":null,"customTemplate":false,"customTemplateFilename":null,"pageLinks":[],"dateCreated":"2025-09-06T23:05:26.476Z","dateUpdated":"2025-09-10T22:35:48.028Z","folderId":null,"pageName":"Página Inicial_303947802","serverPageId":null,"sectionCount":7,"status":2,"backwardUrl":null},{"id":351125552,"title":"Sobre","order":100,"templateKey":null,"customTemplate":false,"customTemplateFilename":null,"pageLinks":[],"dateCreated":"2025-09-06T23:05:21.918Z","dateUpdated":"2025-09-06T23:05:23.833Z","folderId":null,"pageName":"Sobre_351125552","serverPageId":null,"sectionCount":1,"status":2,"backwardUrl":null},{"id":864608821,"title":"Contato","order":101,"templateKey":null,"customTemplate":false,"customTemplateFilename":null,"pageLinks":[],"dateCreated":"2025-09-06T23:05:22.005Z","dateUpdated":"2025-09-06T23:05:23.833Z","folderId":null,"pageName":"Contato_864608821","serverPageId":null,"sectionCount":1,"status":2,"backwardUrl":null}]